"References","Quantity","ManufacturerPartNumber","Description","FootprintKey","Status","ReviewNotes"
"U1","1","MDBT50Q-1MV2","nRF52840 BLE module","radio","ENGINEERING CANDIDATE - NOT APPROVED FOR PURCHASE","Normal-voltage mode: VDD and VDDH tied3.0V; DCCH open; unused VBUS grounded; internal LFRC initial firmware. Antenna keepout Y>11.95 per Raytac Version L."
"MK1 MK2","2","SPH0641LU4H-1","Left PDM microphone","mic","ENGINEERING CANDIDATE - NOT APPROVED FOR PURCHASE",""
"U2","1","W25N01GVZEIG","1Gbit SPI NAND /128MiB","flash","ENGINEERING CANDIDATE - NOT APPROVED FOR PURCHASE","Corrected ZE package8×6mm, EP3.4×4.3mm. RevR permits EP floating or GND; GND chosen. No exposed vias under EP. Internal ECC/bad-block handling required."
"U3","1","BQ25185DLHR","53mA Li-ion powerpath charger","charger","ENGINEERING CANDIDATE - NOT APPROVED FOR PURCHASE","R_ISET5.62k gives53.38mA nominal. R22 seriesNTC and U9 hardwarehot cutoff; Q1 requires firmwarepermission, defaultoff. Thermal calculation is conditional on selected NTC and pack qualification."
"U4 U7","2","TLV75530PDBVR","3.0V system regulator","ldo","ENGINEERING CANDIDATE - NOT APPROVED FOR PURCHASE",""
"U5","1","MAX17048G+T10","ModelGauge fuel gauge","gauge","ENGINEERING CANDIDATE - NOT APPROVED FOR PURCHASE",""
"U6","1","DRV2605LDGSR","LRA closed-loop haptics","haptic","ENGINEERING CANDIDATE - NOT APPROVED FOR PURCHASE",""
"U8","1","SN74LVC2G125DCUR","Ioff protected PDM isolation","buffer","ENGINEERING CANDIDATE - NOT APPROVED FOR PURCHASE",""
"U9","1","TLV6700DDCR","Independent charge hot cutoff","comparator","ENGINEERING CANDIDATE - NOT APPROVED FOR PURCHASE","INB- above400mV sinks OUTB; falling below~394.5mV opens chargepermission. Require1ms stableVSYS before CHG_ALLOW. C18 bypass nearVDD."
"Q1","1","DMG2302UK-7","Default-off charge permission","nmos","ENGINEERING CANDIDATE - NOT APPROVED FOR PURCHASE","Gate1 drivenMCUwithR3pulldown; source2 comparatorOUTB; drain3 active-lowchargerCE. Bodydiode source-to-drain prevents OFF drain pullinglow."
"SW1","1","JS202011JCQN","Mechanical DPDT microphone OFF","privacy","ENGINEERING CANDIDATE - NOT APPROVED FOR PURCHASE","Center commons2,5. OFF connects2-3 and5-6. Break-before-make; verify actuator orientation on first article."
"SW2","1","KMR211NGULCLFS","Flush face record / stop","record","ENGINEERING CANDIDATE - NOT APPROVED FOR PURCHASE","C&K KMR211 NG ULC: no groundtab, lowcurrent contacts,1.2N,0.20±0.10mm electricaltravel,1.9mm actuatorheight. A03 face0.35mm travel/.02mm restgap; returngasket/overtravel needqualification. Singlepressrecord/stop,doublepressbookmark."
"D1","1","BAT54WS-7-F","Reverse-dock Schottky","diode","ENGINEERING CANDIDATE - NOT APPROVED FOR PURCHASE",""
"D2","1","PESD5V0S1BA,115","Dock transient suppression","diode","ENGINEERING CANDIDATE - NOT APPROVED FOR PURCHASE",""
"LED1","1","LTST-C190KFKT","Amber hard recording indicator","led","ENGINEERING CANDIDATE - NOT APPROVED FOR PURCHASE","Indicator receives microphone rail power, has no independent firmware-off command."
"R1","1","RC0402FR-075K62L","5.62k","r0402","ENGINEERING CANDIDATE - NOT APPROVED FOR PURCHASE","YageoRC0402 1%,63mW at70C,50V,100ppm/C. Manufacturer series/specsheet crosscheck; supplier availability to confirm."
"R2","1","RC0402FR-0724KL","24k","r0402","ENGINEERING CANDIDATE - NOT APPROVED FOR PURCHASE","YageoRC0402 1%,63mW at70C,50V,100ppm/C. Manufacturer series/specsheet crosscheck; supplier availability to confirm."
"R3 R4 R5 R11 R13 R18 R19 R20 R21 R23","10","RC0402FR-0710KL","10k","r0402","ENGINEERING CANDIDATE - NOT APPROVED FOR PURCHASE","YageoRC0402 1%,63mW at70C,50V,100ppm/C. Manufacturer series/specsheet crosscheck; supplier availability to confirm."
"R6 R7","2","RC0402FR-074K7L","4.7k","r0402","ENGINEERING CANDIDATE - NOT APPROVED FOR PURCHASE","YageoRC0402 1%,63mW at70C,50V,100ppm/C. Manufacturer series/specsheet crosscheck; supplier availability to confirm."
"R8 R9 R10 R15","4","RC0402FR-07100KL","100k","r0402","ENGINEERING CANDIDATE - NOT APPROVED FOR PURCHASE","YageoRC0402 1%,63mW at70C,50V,100ppm/C. Manufacturer series/specsheet crosscheck; supplier availability to confirm."
"R14","1","RC0402FR-071KL","1k","r0402","ENGINEERING CANDIDATE - NOT APPROVED FOR PURCHASE","YageoRC0402 1%,63mW at70C,50V,100ppm/C. Manufacturer series/specsheet crosscheck; supplier availability to confirm."
"R16 R17","2","RC0402FR-0733RL","33","r0402","ENGINEERING CANDIDATE - NOT APPROVED FOR PURCHASE","YageoRC0402 1%,63mW at70C,50V,100ppm/C. Manufacturer series/specsheet crosscheck; supplier availability to confirm."
"R22","1","RC0402FR-073K3L","3.3k","r0402","ENGINEERING CANDIDATE - NOT APPROVED FOR PURCHASE","YageoRC0402 1%,63mW at70C,50V,100ppm/C. Manufacturer series/specsheet crosscheck; supplier availability to confirm."
"C1 C5 C11 C16 C18","5","C0402C104K4RACTU","100nF","c0402","ENGINEERING CANDIDATE - NOT APPROVED FOR PURCHASE","KEMET candidate,10% tolerance;1uF/100nF16V,10nF50V,2.2uF/4.7uF10V.4.7uF is X5R; other assigned parts X7R. Verify effective capacitance at bias/temperature;10uF part remains unqualified."
"C2 C6 C8","3","C0603C475K8PACTU","4.7uF","c0603","ENGINEERING CANDIDATE - NOT APPROVED FOR PURCHASE","KEMET candidate,10% tolerance;1uF/100nF16V,10nF50V,2.2uF/4.7uF10V.4.7uF is X5R; other assigned parts X7R. Verify effective capacitance at bias/temperature;10uF part remains unqualified."
"C3 C4","2","939113424610-T3N","100nF silicon","sicap","ENGINEERING CANDIDATE - NOT APPROVED FOR PURCHASE","Murata BBSC silicon,100nF±15%,3.8V rated,1.2×0.7×0.4mm. Replaces ClassII ceramic at mic. Rev3.00 pads/MPN and assemblyRev1.42 checked; mask/paste registration, assembly leakage and acousticperformance needqualification."
"C7 C10","2","C0603C225K8RACTU","2.2uF","c0603","ENGINEERING CANDIDATE - NOT APPROVED FOR PURCHASE","KEMET candidate,10% tolerance;1uF/100nF16V,10nF50V,2.2uF/4.7uF10V.4.7uF is X5R; other assigned parts X7R. Verify effective capacitance at bias/temperature;10uF part remains unqualified."
"C9","1","C0805C106K8PACTU","10uF","c0805","ENGINEERING CANDIDATE - NOT APPROVED FOR PURCHASE","KEMET candidate,10% tolerance;1uF/100nF16V,10nF50V,2.2uF/4.7uF10V.4.7uF is X5R; other assigned parts X7R. Verify effective capacitance at bias/temperature;10uF part remains unqualified."
"C12 C13 C14 C15","4","C0603C105K4RACTU","1uF","c0603","ENGINEERING CANDIDATE - NOT APPROVED FOR PURCHASE","KEMET candidate,10% tolerance;1uF/100nF16V,10nF50V,2.2uF/4.7uF10V.4.7uF is X5R; other assigned parts X7R. Verify effective capacitance at bias/temperature;10uF part remains unqualified."
"C17","1","C0402C103K5RACTU","10nF","c0402","ENGINEERING CANDIDATE - NOT APPROVED FOR PURCHASE","KEMET candidate,10% tolerance;1uF/100nF16V,10nF50V,2.2uF/4.7uF10V.4.7uF is X5R; other assigned parts X7R. Verify effective capacitance at bias/temperature;10uF part remains unqualified."